Handle,Title,Body (HTML),Vendor,Product Category,Type,Tags,Published,Option1 Name,Option1 Value,Variant SKU,Variant Grams,Variant Inventory Tracker,Variant Inventory Qty,Variant Inventory Policy,Variant Fulfillment Service,Variant Price,Variant Compare At Price,Variant Requires Shipping,Variant Taxable,Image Src,Image Position,Image Alt Text,Gift Card,SEO Title,SEO Description,Status
rechargeable-hand-warmer,Emberwell™ Rechargeable Hand Warmer,"<p><strong>Ditch the disposable hand warmers for good.</strong> Emberwell is a rechargeable hand warmer that splits into two magnetic halves – one for each hand, each pocket or each person.</p>
<ul>
<li>🧲 Splits in two, snaps back together magnetically</li>
<li>🔥 3 heat levels – from gentle to properly hot</li>
<li>🔋 Rechargeable with USB-C, use it all winter</li>
<li>✋ Pocket-sized and lightweight</li>
<li>🎁 Arrives in a gift-ready box</li>
</ul>
<p>Made for commutes, dog walks, game days, ski trips, fishing, hunting and every cold morning in between.</p>
<p><em>In the box: 2 warmer halves, 1 USB-C cable, user manual.</em></p>",Emberwell,,Hand Warmer,"winter, gift, bestseller",TRUE,Pack,1 Set,EMBER-1,250,,,continue,manual,34.99,,TRUE,TRUE,,,,FALSE,Emberwell™ Rechargeable Hand Warmer – Splits in Two,"Rechargeable, magnetic 2-in-1 hand warmer with 3 heat levels and USB-C charging. Free worldwide shipping and a 30-day money-back guarantee.",active
rechargeable-hand-warmer,,,,,,,,,2 Sets – Save $10,EMBER-2,500,,,continue,manual,59.99,69.98,TRUE,TRUE,,,,,,,
rechargeable-hand-warmer,,,,,,,,,"4 Sets – Gift pack, save $40",EMBER-4,1000,,,continue,manual,99.99,139.96,TRUE,TRUE,,,,,,,
